A,,,,,,,4,,,,,,,,,1,,,,,,,,,,,,,,,,4,,,,,,3,,,,,,,,,,5,2,,,,
A,,,,,,,5,,,,,,,,,,,,,,,,,,,,,,,,,,,,,,,,,,,,5,,,,,,4,,,,
A,1,,,,,,,1,,,,1,,2,,,,,,,,,,,4,,3,,,,,,,,,,,,,,,,,,,,,3,,,,,
A,,,,,,,3,,,,,,,,,,,,,2,3,,,,,,,,,,,1,,,,,,2,,,,,,,,,,,,,,,
A,,,,,,,,,,,2,,,,5,3,,,,,,,1,,5,,5,,,,,,,,,,,,,,,,,,,,,1,,,,,
A,,,,,,,,,,,,,,,,,,,,,,,,,,,,2,,,,2,,,,,,,,,,,3,,5,,,,,,,,1
A,,,,,,,,3,,,,,,,,2,,,4,,,,3,,,,,,,,,,,,,,1,4,,,,,1,,,4,,,,,,,
A,,,,,,,,,,,,,5,,,,,,,,,,,,,,,,,,,,,,3,,,5,,,,,,,,,,,,,,,
A,,,,,,,,,,,,,,,,,,,,1,,,,,,,,3,,,,3,,,,,,,,,,,,,,2,4,,,,,,
A,,,,,,2,,,,1,,4,,1,,,,,,,,,,,,,,,,,,,,,,,,,1,,,,,,,,,,,,,,
A,,2,,,5,,,,,,,,,,,,,,,,,4,,,,,,1,,,3,,,,,,,,,,,3,2,,,,,,,,,,
A,,,,,,4,,,,,5,,,,,,,,,3,,,,,,,,,,,,,,,,,,,,,,,,,,,,2,,,3,,
A,2,,,,4,,,,4,,,5,,,,,,,,,,,,,1,,,,,,,,,,,,,,,,,,,,,,,,,,,,
A,,,1,,,,,,5,,,,,,,,,,,,,2,,,,,,,,,,,,,,,2,,,,,,,,,,,,,,,,
A,,,,,,,,5,,,,,,,,,,3,,,,,,,,,,4,1,,2,,,,5,,,,,,,,,,,1,,,,,4,,2
A,,5,,,,,,,,3,,,,4,,,,,,5,,,,,,,,5,,,,,,,,,,,,,,5,,,,,,,,,,4,
A,,,,,,,,2,,,,,,,,,,,,,2,,4,,,,2,,,,,,,,,,,,,,,,,,,,,,,,,2,
A,,,,,3,,,,,,,,4,,,4,,,,,,,,,,,,,,,,,1,,4,,,,,,3,,,,,,,,1,,,,
A,3,,,,,,,,,,,,,,,,,,,,,,,4,,,,,,,4,,,,,,,,,,,4,,,,3,,,,,,,
A,,,,,,1,,,,,,,,,,,,,,,,,,,,,1,,,,,,,,,,,,2,,,,,,4,,,,,,,,
A,,,,,,,,,,,,,,,,,,,,4,,,,,,,,,,,,5,,,,,,,,,,,,,,,,,,,2,,
A,,,,,2,,,,,,4,,,,,,,,,,1,,,,,,,,,,,,,,2,,3,,,,,,,4,,,,,,,,,
A,,,2,,,,,,,,,,,,,,,,,,,5,,,,,,,2,,,,,,,5,,,,,,2,,,,,1,,,,,5,3
A,,,,,,,,,,,,3,,3,,,,1,,,,,,,,,,,,5,,,3,,,,,,,,,,,3,,,,,,,,,
A,4,4,,,,,,,,,,,,,4,,,,,,,,,,2,,4,,,2,,,,,,,,,,,,,,,,,,,,,,,
A,,,,4,,,,,,,,,,,,,,,1,,,,,,,4,,,,,,,,,,,,,,,1,,,,,,,,,,,,
A,,,,,,,,,,,,,,,,,,,,,,,,2,,,,,,,,,,,,,,,,,,,4,,,,,,,,,,
A,,,,,1,,,,3,,,,1,,,,,,,,,,,,,,,,3,,,,,,,,,,,,,,,,,,,,3,,,,4
A,,,,,,,,4,,,,,,,,,5,,,,4,,,,,,,,,3,,,,,1,,,,,3,,,,,2,,,,,,1,,
A,,,,3,,,,,,,,,,,,,3,,,,,,,,,,,,,,,,2,,,,,1,,,,,,5,,,,4,,,,,
A,,,,,,,,,,,,,,,,,4,5,,,,,,,,,,,,,,,,,,,5,,,,,,,,,,,,,,,,
A,,,,,,,,,1,,3,,,,,,,,,,,3,,,3,,,,4,,,,,,,,,,,,2,,,,,,,,,2,,,
A,,3,,5,,,,,,,,,,,,,,,,,5,,,,,,,,,,,,,2,,4,4,,3,,,,,,,,,,,,,,
A,,,,,,,,,,,,,,,3,,,,,,,,2,,,,,,,,,,,,,,,,,,,,,,,,,,,,,,5
A,5,,3,,,,,,,,,,,,,,,,,,,1,,3,,5,,,,4,,,5,,,,,,,,,,,,3,,,,,,,,
A,,,,,,,,,,,,2,,,,,,2,3,,,,,,,,,,,,5,,,,,,,,,,,,,,,,,,,,,,
A,,1,,,,,,,,,,,2,,,,,,,,,,,,,,,,,,,,,,,,,,4,4,,,,,,,,,,,,1,
A,,,,,,,,,2,,1,,,,,,2,,,,,,,,,,,,,,,,,,,3,,,,,,,,,,5,,,,,,,
A,,,,,,,,,,2,,,,,,,,,,,,,,5,,,,,5,,,,,1,,,,,,,,,,,,,5,,,,,,
A,,,,,,3,,,,,,,,,,,,,,,,,,,,,,,,,1,,,5,,,,,,,,1,,,,,,,,,,,
A,,,,,,,,,,,,,3,,,5,,,,,,,,,,,,,,,,,,,,,,,,,,,,,,,,,5,,5,,
A,,,,2,,,,,,,,,,,,,,,,,,,5,,,,,,,1,,,,,,,,,,,4,,,2,,,,,,,,,
A,,,4,,,,,,,4,,,,,,,,,,,,,,1,,1,,,,,,,4,,,,,,,2,,,,,,,2,,,4,,,
A,,,5,1,,,,,,,,,,5,,,,,,,,,,,,,,,,,,,,,,1,,,,,,,,,,,,,,,,,
A,,,,,,,,,,,,,,,,,1,,,,,,,,,2,,,,,,,,4,,2,,,5,,5,,,,1,,,,,1,,,
A,,,,,,,2,,,5,,,,,,,,3,,,,,,,,,,,,,,,,3,,,,,,,,,,,,,3,,,,,,
A,,,,,,,1,,,,,,,,1,,,,5,,,,,,,3,,,,,,,,,,,,,,1,,,,1,,,,,,3,,3,
A,,,,,,5,,,,,,,,,2,,,,2,,,,,,,,,,,,,,,,,,,,,5,,,,,,,,,,5,,,
